Start Time, Stop Time, Src IP, Src Country, Src Port, Dst IP, Dst Country, Dst Port, Packets, Data bytes, Bytes, Arkime Node, URI, Sender, Receiver, Subject, Filenames, Host, Alt Name, Channel
1691735606417,1691735812005,10.10.128.62,,61346,10.10.4.40,,8888,224,0,197580,hanlab,,,,,,,,
1691735596011,1691735812006,10.10.132.135,,56608,255.255.255.255,,3956,109,1962,6540,hanlab,,,,,,,,
1691735644578,1691735812022,10.15.10.104,,51620,10.10.6.55,,445,2,0,231,hanlab,,,,,,,,
1691735812028,1691735812030,10.10.236.112,,63497,10.13.10.22,,7680,8,75,561,hanlab,,,,,,,,
1691735811820,1691735812034,10.10.128.73,,55872,211.115.106.209,KR,80,8,742,1567,hanlab,"gms.ahnlab.com/jk?c=62&p=PFp2zUhcRLOw_o8e0cz6EgRu1yV54jRwxO+z49XnxT0=&k=1",,,,,,,
1691735596405,1691735812044,106.245.74.151,KR,8000,10.10.125.190,,56705,132,0,14256,hanlab,,,,,,,,
1691735805005,1691735812049,10.30.50.246,,56451,10.10.32.86,,7680,4,0,264,hanlab,,,,,,,,
1691735812045,1691735812050,10.11.50.88,,53814,10.10.128.160,,7680,11,182,830,hanlab,,,,,,,,
1691735632039,1691735812064,114.108.164.45,KR,443,10.10.129.102,,57552,8,0,504,hanlab,,,,,,,,
1691735601030,1691735812065,10.10.124.210,,54019,10.10.1.45,,1521,5780,0,2183786,hanlab,,,,,,,,
1691735811792,1691735812066,10.10.128.73,,55871,35.227.252.164,US,443,15,5620,7076,hanlab,,,,,,,,
1691735812055,1691735812067,10.10.126.236,,59515,10.16.10.5,,443,24,6871,8257,hanlab,,,,,,,,
1691735644695,1691735812092,58.229.136.64,KR,14811,10.10.120.145,,59284,7,0,1240,hanlab,,,,,,,,
1691735605168,1691735812093,172.217.161.234,US,443,10.10.161.185,,63847,66,4825,7597,hanlab,,,,,,,,
1691735811996,1691735812096,10.10.128.17,,52633,224.0.0.252,,5355,4,88,256,hanlab,,,,,,"wpad",,
1691735796138,1691735812096,10.10.128.126,,59865,172.217.25.174,US,443,59,14274,16752,hanlab,,,,,,,,
1691735811599,1691735812099,10.11.50.83,,62825,10.10.1.51,,445,2,0,128,hanlab,,,,,,,,
1691735812100,1691735812101,10.10.128.185,,56582,10.10.128.169,,161,2,104,188,hanlab,,,,,,,,
1691735800966,1691735812105,10.10.128.126,,63514,142.250.206.238,US,443,37,18978,20532,hanlab,,,,,,,,
1691735604556,1691735812109,10.10.128.121,,60182,142.250.206.238,US,443,138,74326,80122,hanlab,,,,,,,,
1691735812113,1691735812114,10.11.10.23,,50938,10.10.1.220,,8083,2,0,126,hanlab,,,,,,,,
1691735812126,1691735812126,10.10.118.208,,5232,10.10.4.21,,445,1,0,66,hanlab,,,,,,,,
1691735766618,1691735812135,10.10.128.73,,55759,142.250.206.227,US,443,33,7323,9213,hanlab,,,,,,,,
1691735812142,1691735812142,10.10.118.208,,5233,10.10.4.22,,445,2,0,126,hanlab,,,,,,,,
1691735595637,1691735812145,14.56.119.29,KR,24211,10.10.140.114,,49840,53,0,4081,hanlab,,,,,,,,
1691735812162,1691735812164,10.15.20.145,,52516,10.10.162.111,,7680,8,75,561,hanlab,,,,,,,,
1691735628254,1691735812164,10.10.159.215,,50521,10.10.4.30,,8888,197,0,156168,hanlab,,,,,,,,
1691735766967,1691735812166,10.10.128.73,,55760,172.217.161.206,US,443,17,7966,8956,hanlab,,,,,,,,
1691735811774,1691735812177,10.10.128.73,,55869,142.250.206.226,US,443,15,6061,7903,hanlab,,,,,,,,
1691735811969,1691735812182,10.10.128.73,,55874,211.115.106.209,KR,80,8,742,1567,hanlab,"gms.ahnlab.com/jk?c=62&p=PFp2zUhcRLOw_o8e0cz6EgRu1yV54jRwxO+z49XnxT0=&k=1",,,,,,,
1691735812191,1691735812191,10.10.128.19,,60776,10.10.155.122,,51873,2,0,120,hanlab,,,,,,,,
1691735812191,1691735812191,10.10.128.19,,60780,10.10.155.122,,51873,2,0,120,hanlab,,,,,,,,
1691735812191,1691735812191,10.10.128.19,,60778,10.10.155.122,,51873,2,0,120,hanlab,,,,,,,,
1691735812191,1691735812191,10.10.128.19,,60777,10.10.155.122,,51873,2,0,120,hanlab,,,,,,,,
1691735812192,1691735812192,10.10.128.19,,60783,10.10.128.18,,49679,2,0,120,hanlab,,,,,,,,
1691735812192,1691735812192,10.10.128.19,,60781,10.10.128.18,,49679,2,0,120,hanlab,,,,,,,,
1691735812192,1691735812192,10.10.128.19,,60785,10.10.128.18,,49679,2,0,120,hanlab,,,,,,,,
1691735812192,1691735812192,10.10.128.19,,60784,10.10.128.18,,49679,2,0,120,hanlab,,,,,,,,
1691735797751,1691735812192,10.10.128.126,,63746,110.93.154.8,KR,443,18,4403,5447,hanlab,,,,,,,,
1691735811701,1691735812204,10.10.128.73,,55867,52.220.65.78,SG,443,25,5658,7092,hanlab,,,,,,,,
1691735812220,1691735812220,10.10.118.208,,5238,10.10.4.27,,445,2,0,126,hanlab,,,,,,,,
1691735599011,1691735812225,10.10.125.88,,56294,10.10.4.30,,8888,28,0,11324,hanlab,,,,,,,,
1691735807160,1691735812227,10.10.128.126,,63794,23.90.68.235,US,443,29,9467,11135,hanlab,,,,,,,,
1691735811210,1691735812230,10.16.10.70,,0,10.10.40.50,,0,2,80,148,hanlab,,,,,,,,
1691735767001,1691735812234,10.10.128.73,,55761,142.250.206.226,US,443,18,8500,10518,hanlab,,,,,,,,
1691735812235,1691735812235,10.10.118.208,,5239,10.10.4.28,,445,2,0,126,hanlab,,,,,,,,
1691735600329,1691735812250,10.10.181.215,,137,10.10.255.255,,137,36,1800,3312,hanlab,,,,,,,,
1691735812256,1691735812256,10.15.20.153,,55180,10.10.1.78,,1433,1,0,60,hanlab,,,,,,,,
1691735812257,1691735812259,10.10.128.73,,65529,168.126.63.1,KR,53,2,144,228,hanlab,,,,,,"translate.googleapis.com",,
1691735812256,1691735812259,10.10.128.73,,62456,168.126.63.1,KR,53,2,100,184,hanlab,,,,,,"translate.googleapis.com",,
1691735812257,1691735812263,10.10.122.239,,54166,10.10.1.77,,13000,13,2477,3239,hanlab,,,,,,,,
1691735812266,1691735812266,10.10.118.208,,5241,10.10.4.30,,445,2,0,126,hanlab,,,,,,,,
1691735812269,1691735812269,10.11.50.83,,62854,10.10.1.78,,445,1,0,66,hanlab,,,,,,,,
1691735812282,1691735812282,10.10.118.208,,5242,10.10.4.31,,445,2,0,126,hanlab,,,,,,,,
1691735767106,1691735812290,10.10.128.73,,55762,172.217.161.206,US,443,17,7967,8957,hanlab,,,,,,,,
1691735596312,1691735812308,10.10.132.160,,64894,255.255.255.255,,3956,109,1962,6540,hanlab,,,,,,,,
1691735632097,1691735812309,10.10.132.240,,62704,20.198.118.190,US,443,15,0,1935,hanlab,,,,,,,,
1691735812317,1691735812317,10.10.128.139,,54100,10.10.138.140,,161,2,100,184,hanlab,,,,,,,,
1691735776935,1691735812324,10.10.128.73,,55786,163.181.22.217,US,443,29,6400,8610,hanlab,,,,,,,,
1691735779032,1691735812333,10.10.128.73,,55833,52.167.85.21,US,443,259,231758,246200,hanlab,,,,,,,"b.clarity.ms, d.clarity.ms, e.clarity.ms, f.clarity.ms, g.clarity.ms, h.clarity.ms, i.clarity.ms, j.clarity.ms, k.clarity.ms, l.clarity.ms, m.clarity.ms, n.clarity.ms, o.clarity.ms, p.clarity.ms, q.clarity.ms, r.clarity.ms, s.clarity.ms, t.clarity.ms, u.clarity.ms, v.clarity.ms, w.clarity.ms, x.clarity.ms, y.clarity.ms, z.clarity.ms, a.clarity.ms",
1691735812341,1691735812341,10.10.160.130,,64890,255.255.255.255,,1947,1,40,82,hanlab,,,,,,,,
1691735626778,1691735812367,10.10.128.132,,13496,103.105.156.218,KR,443,39,0,6061,hanlab,,,,,,,,
1691735811957,1691735812374,10.10.169.251,,56332,224.0.0.252,,5355,2,82,166,hanlab,,,,,,"70.1.10.10.in-addr.arpa",,
1691735812397,1691735812397,10.10.128.126,,63784,157.240.215.14,US,443,1,0,60,hanlab,,,,,,,,
1691735692361,1691735812413,10.10.128.132,,13650,103.105.159.13,KR,443,33,7978,9886,hanlab,,,,,,,,
1691735774351,1691735812414,10.10.128.118,,59591,10.10.1.240,,7002,534,551551,580981,hanlab,,,,,,,,
1691735809415,1691735812418,10.10.52.53,,57258,239.255.255.250,,1900,4,700,868,hanlab,,,,,,,,
1691735812418,1691735812421,10.12.10.166,,51882,10.10.128.160,,7680,11,176,824,hanlab,,,,,,,,
1691735812423,1691735812423,10.10.118.208,,5251,10.10.4.40,,445,2,0,126,hanlab,,,,,,,,
1691735626794,1691735812429,10.10.128.132,,13498,103.105.159.13,KR,443,45,0,11457,hanlab,,,,,,,,
1691735812438,1691735812438,10.10.118.208,,5252,10.10.4.41,,445,2,0,126,hanlab,,,,,,,,
1691735809459,1691735812468,10.10.118.208,,5211,139.177.196.162,US,443,2,0,132,hanlab,,,,,,,,
1691735812260,1691735812492,10.10.128.73,,55875,142.250.76.138,US,443,29,9855,11499,hanlab,,,,,,,,
1691735798195,1691735812494,10.10.128.126,,63769,23.106.127.52,SG,443,18,4989,6033,hanlab,,,,,,,,
1691735812100,1691735812520,10.10.1.99,,54724,224.0.0.252,,5355,2,66,150,hanlab,,,,,,"win-qcq1porum75",,
1691735812100,1691735812520,10.10.1.99,,61382,224.0.0.252,,5355,2,66,150,hanlab,,,,,,"win-qcq1porum75",,
1691735632238,1691735812543,10.10.160.142,,63845,108.177.97.188,US,5228,10,0,630,hanlab,,,,,,,,
1691735812550,1691735812550,10.10.130.119,,37543,239.255.255.250,,1900,3,1366,1492,hanlab,,,,,,,,
1691735812550,1691735812550,10.10.130.119,,57999,239.255.255.250,,1900,1,511,553,hanlab,,,,,,,,
1691735782385,1691735812569,10.10.128.132,,13721,54.248.99.194,JP,443,27,8635,10183,hanlab,,,,,,,"fw.adsafeprotected.com, ci.adsafeprotected.com, bapi.adsafeprotected.com, jpfw.adsafeprotected.com, jpsc.iasds01.com, sc.iasds01.com, jpci.adsafeprotected.com, pixel.adsafeprotected.com, jppixel.adsafeprotected.com, jsconfig.adsafeprotected.com, *.bapi.adsafeprotected.com, spixel.adsafeprotected.com, fwapi.adsafeprotected.com, ci.iasds01.com, jpfwapi.adsafeprotected.com, jpci.iasds01.com",
1691735811683,1691735812573,10.10.82.58,,58408,51.104.15.253,GB,443,19,6921,8013,hanlab,,,,,,,"*.events.data.microsoft.com, events.data.microsoft.com, *.pipe.aria.microsoft.com, pipe.skype.com, *.pipe.skype.com, *.mobile.events.data.microsoft.com, mobile.events.data.microsoft.com, *.events.data.msn.com, events.data.msn.com, *.events.data.msn.cn, events.data.msn.cn, oca.microsoft.com, watson.microsoft.com, *.vortex.data.microsoft.com, vortex.data.microsoft.com",
1691735812574,1691735812576,10.10.128.132,,62187,168.126.63.1,KR,53,2,84,168,hanlab,,,,,,"www.google.co.kr",,
1691735812574,1691735812577,10.10.128.132,,50621,168.126.63.1,KR,53,2,128,212,hanlab,,,,,,"www.google.co.kr",,
1691735812579,1691735812579,10.10.118.208,,5261,10.10.4.50,,445,1,0,66,hanlab,,,,,,,,
1691735812500,1691735812609,10.10.118.208,,59923,224.0.0.252,,5355,4,148,316,hanlab,,,,,,"donate-v2-xxxxx-com",,
1691735617957,1691735812616,10.10.122.182,,59465,10.10.1.220,,8083,349,0,257201,hanlab,,,,,,,,
1691735617729,1691735812616,10.10.122.182,,59464,10.10.1.220,,8083,582,0,435243,hanlab,,,,,,,,
1691735812640,1691735812640,10.10.118.208,,5233,10.10.4.22,,445,2,0,126,hanlab,,,,,,,,
1691735602421,1691735812655,10.10.128.135,,52323,54.150.70.46,JP,443,109,0,11755,hanlab,,,,,,,,
1691735812651,1691735812656,10.10.128.73,,56383,168.126.63.1,KR,53,2,137,221,hanlab,,,,,,"b.staticaa.com",,
1691735812651,1691735812657,10.10.128.73,,58361,168.126.63.1,KR,53,2,80,164,hanlab,,,,,,"b.staticaa.com",,
1691735812670,1691735812670,10.10.130.119,,45378,239.255.255.250,,1900,1,511,553,hanlab,,,,,,,,
1691735812670,1691735812670,10.10.130.119,,52037,239.255.255.250,,1900,3,1366,1492,hanlab,,,,,,,,
1691735685919,1691735812673,10.10.128.132,,50730,216.239.38.181,US,443,299,40996,53554,hanlab,,,,,,,,
1691735803556,1691735812697,10.10.128.105,,56662,211.115.106.205,KR,80,10,554,1154,hanlab,"gms.ahnlab.com/jk?c=106&p=lX4lwn9dvdQklw0bxl1s8nscXr6NfhzFjijBsSaWFQ8=&k=1",,,,,,,
1691735812658,1691735812702,10.10.128.73,,64791,35.241.40.31,US,443,17,7897,8611,hanlab,,,,,,,,
1691735812204,1691735812702,10.10.118.208,,5237,10.10.4.26,,445,3,0,186,hanlab,,,,,,,,
1691735812718,1691735812718,10.12.10.11,,49860,10.10.1.40,,8888,1,0,246,hanlab,,,,,,,,
1691735812578,1691735812726,10.10.128.132,,59320,142.250.207.99,US,443,18,6278,7034,hanlab,,,,,,,,
1691735812733,1691735812734,10.10.118.208,,5238,10.10.4.27,,445,2,0,126,hanlab,,,,,,,,
1691735812747,1691735812747,10.11.50.230,,1392,10.10.1.88,,57084,2,0,122,hanlab,,,,,,,,
1691735812749,1691735812749,10.10.118.208,,5239,10.10.4.28,,445,2,0,126,hanlab,,,,,,,,
1691735611677,1691735812758,10.10.161.195,,50636,10.10.1.45,,1521,75,0,21555,hanlab,,,,,,,,
1691735812698,1691735812759,10.10.128.105,,56663,211.115.106.205,KR,80,7,554,974,hanlab,"gms.ahnlab.com/jk?c=106&p=lX4lwn9dvdQklw0bxl1s8nscXr6NfhzFjijBsSaWFQ8=&k=1",,,,,,,
1691735812780,1691735812781,10.10.118.208,,5242,10.10.4.31,,445,2,0,126,hanlab,,,,,,,,
1691735812780,1691735812781,10.10.118.208,,5241,10.10.4.30,,445,2,0,126,hanlab,,,,,,,,
1691735602349,1691735812789,10.10.130.119,,53567,239.255.255.250,,1900,44,5984,7832,hanlab,,,,,,,,
1691735797773,1691735812808,10.10.192.241,,2764,10.15.60.11,,7680,5,0,330,hanlab,,,,,,,,
1691735812819,1691735812825,10.10.163.241,,59933,10.10.1.77,,13000,13,2477,3239,hanlab,,,,,,,,
1691735598256,1691735812851,10.10.161.195,,50632,10.10.4.40,,8888,60,0,17904,hanlab,,,,,,,,
1691735812812,1691735812864,10.10.122.182,,59490,10.10.1.220,,8083,14,6551,7367,hanlab,"10.10.1.220:8083/Controls/Druginfo/BriefMono.aspx?CustID=PACHAH&DrugCode=M1AR043&SubCode=&CodeType=C",,,,,,,
1691735812617,1691735812878,10.10.122.182,,59489,10.10.1.220,,8083,135,91932,99642,hanlab,"10.10.1.220:8083/Data/DrugPicS/N_MSDRMN001KS.gif, 10.10.1.220:8083/Page.aspx?CustID=PACHAH&MenuID=DRUGINFO&Proc=BasicInfo&DrugCode=M1AR043&CodeType=C, 10.10.1.220:8083/Modules/WebFunctions.asmx/GetDrugInfo",,,,,,,
1691735782387,1691735812882,10.10.128.132,,13722,13.230.84.82,JP,443,38,17557,19717,hanlab,,,,,,,,
1691735812905,1691735812909,10.10.126.48,,60677,10.10.125.190,,7680,11,190,838,hanlab,,,,,,,,
1691735812921,1691735812921,10.10.118.208,,5251,10.10.4.40,,445,2,0,126,hanlab,,,,,,,,
1691735808790,1691735812926,10.10.128.78,,62182,10.10.1.79,,13111,19,2902,3994,hanlab,,,,,,,,
1691735812945,1691735812950,10.10.82.58,,58410,10.15.30.188,,7680,8,75,561,hanlab,,,,,,,,
1691735812952,1691735812952,10.10.118.208,,5252,10.10.4.41,,445,2,0,126,hanlab,,,,,,,,
1691735596784,1691735812954,10.10.129.102,,62703,10.10.1.45,,1521,2475,0,588335,hanlab,,,,,,,,
1691735812836,1691735812969,10.10.128.56,,55704,142.250.206.228,US,443,12,5113,5617,hanlab,,,,,,,,
1691735630869,1691735812970,10.10.123.75,,55965,162.125.40.2,US,443,45,0,38880,hanlab,,,,,,,,
1691735812973,1691735812973,10.10.110.51,,53325,239.255.255.250,,1900,1,175,217,hanlab,,,,,,,,
1691735811981,1691735812987,10.10.160.107,,60863,239.255.255.250,,1900,2,350,434,hanlab,,,,,,,,
1691735812996,1691735812999,10.30.70.238,,8000,10.10.1.231,,57832,3,0,2105,hanlab,,,,,,,,
1691735812759,1691735813002,10.10.128.73,,60260,142.250.76.134,US,443,39,13100,14738,hanlab,,,,,,,,
1691735812029,1691735813030,10.10.121.81,,62221,239.255.255.250,,1900,2,352,436,hanlab,,,,,,,,
1691735780981,1691735813030,fe80::3e7b:5a67:5774:bc53,,546,ff02::1:2,,547,7,665,1099,hanlab,,,,,,,,
1691735772299,1691735813034,10.10.128.73,,55767,211.115.106.75,KR,80,54,12350,15743,hanlab,"gms.ahnlab.com/jk?c=62&p=PFp2zUhcRLOw_o8e0cz6EgRu1yV54jRwxO+z49XnxT0=&k=1",,,,,,,
1691735813034,1691735813035,10.10.128.167,,51664,10.10.128.169,,161,2,104,188,hanlab,,,,,,,,
1691735612002,1691735813035,10.10.161.195,,50635,10.10.1.45,,1521,75,0,21555,hanlab,,,,,,,,
1691735813047,1691735813048,10.10.128.73,,63402,168.126.63.1,KR,53,2,171,255,hanlab,,,,,,"cdn.quantummetric.com",,
1691735813046,1691735813048,10.10.128.73,,55472,168.126.63.1,KR,53,2,126,210,hanlab,,,,,,"cdn.quantummetric.com",,
1691735813043,1691735813048,10.10.126.236,,59516,10.16.10.5,,443,21,3201,4431,hanlab,,,,,,,,
1691735777739,1691735813055,10.10.128.73,,60749,34.120.179.252,US,443,39,9490,11128,hanlab,,,,,,,,
1691735596620,1691735813058,10.10.166.139,,137,10.10.255.255,,137,378,18900,34776,hanlab,,,,,,,,
1691735813056,1691735813060,10.10.176.136,,57365,10.10.128.160,,7680,11,182,830,hanlab,,,,,,,,
1691735813067,1691735813067,10.10.128.73,,55878,211.115.106.209,KR,80,1,0,66,hanlab,,,,,,,,
1691735813084,1691735813085,10.10.132.240,,62169,10.10.128.169,,161,2,106,190,hanlab,,,,,,,,
1691735596693,1691735813091,10.10.120.230,,50179,10.10.1.45,,1521,7722,0,2983266,hanlab,,,,,,,,
1691735800191,1691735813097,10.11.10.25,,64415,10.10.128.22,,49668,80,50304,54762,hanlab,,,,,,,,
1691735801438,1691735813098,10.11.10.25,,64422,10.10.128.22,,49668,16,2864,3794,hanlab,,,,,,,,
1691735800237,1691735813098,10.11.10.25,,64416,10.10.128.22,,135,242,39708,52836,hanlab,,,,,,,,
1691735800237,1691735813098,10.11.10.25,,64417,10.10.128.22,,135,12,584,1292,hanlab,,,,,,,,
1691735812988,1691735813102,10.10.128.73,,62759,142.250.207.98,US,443,14,9721,10309,hanlab,,,,,,,,
1691735812999,1691735813103,10.10.128.17,,61241,224.0.0.252,,5355,4,88,256,hanlab,,,,,,"wpad",,
1691735596098,1691735813103,10.10.162.230,,53816,255.255.255.255,,55555,436,78916,97228,hanlab,,,,,,,,
1691735813005,1691735813105,10.10.128.17,,63000,224.0.0.252,,5355,4,88,256,hanlab,,,,,,"wpad",,
1691735777819,1691735813113,10.10.128.73,,55799,34.120.179.252,US,443,38,13813,15973,hanlab,,,,,,,,
1691735602997,1691735813116,14.56.119.29,KR,24211,10.10.140.114,,64755,44,0,2750,hanlab,,,,,,,,
1691735813125,1691735813125,fe80::f944:eba5:4813:5c34,,0,fe80::b2b9:8aff:fe45:ad06,,0,1,32,86,hanlab,,,,,,,,
1691735813125,1691735813125,fe80::f944:eba5:4813:5c34,,0,fe80::b2b9:8aff:fe45:acb2,,0,1,32,86,hanlab,,,,,,,,
1691735813130,1691735813130,10.11.11.166,,49180,10.10.1.45,,1521,1,0,60,hanlab,,,,,,,,
1691735813133,1691735813133,10.10.1.254,,52261,10.10.1.45,,1521,1,0,209,hanlab,,,,,,,,
1691735813155,1691735813155,10.10.118.208,,5233,10.10.4.22,,445,2,0,122,hanlab,,,,,,,,
1691735599722,1691735813166,10.10.138.248,,60776,10.10.4.30,,8888,1024,0,378174,hanlab,,,,,,,,
1691735765584,1691735813167,10.10.128.73,,55750,142.250.206.194,US,443,30,7388,10086,hanlab,,,,,,,,
1691735603120,1691735813167,10.10.140.114,,64715,14.56.119.29,KR,24211,44,0,2750,hanlab,,,,,,,,
1691735633190,1691735813168,10.10.123.42,,59980,23.50.121.146,US,443,71,0,40422,hanlab,,,,,,,,
1691735759924,1691735813169,10.10.128.73,,55732,142.250.76.141,US,443,79,23433,27915,hanlab,,,,,,,,
1691735813168,1691735813172,10.10.125.231,,58610,10.10.1.77,,13000,13,2477,3239,hanlab,,,,,,,,
1691735812189,1691735813189,10.10.127.11,,60307,239.255.255.250,,1900,2,350,434,hanlab,,,,,,,,
1691735597016,1691735813197,10.10.128.21,,1554,10.10.4.30,,8888,287,0,55600,hanlab,,,,,,,,
1691735811401,1691735813199,10.10.159.215,,64493,10.10.1.240,,7002,21,9148,10342,hanlab,,,,,,,,
1691735812703,1691735813202,10.10.118.208,,5237,10.10.4.26,,445,3,0,188,hanlab,,,,,,,,
1691735813199,1691735813205,10.10.128.17,,62882,10.10.128.16,,445,6,108,576,hanlab,,,,,,,,
1691735813233,1691735813233,10.10.118.208,,5238,10.10.4.27,,445,2,0,122,hanlab,,,,,,,,
1691735648115,1691735813233,10.12.12.10,,40026,10.10.162.11,,3260,16,0,1296,hanlab,,,,,,,,
1691735813234,1691735813234,10.11.30.51,,51506,10.10.1.240,,7003,1,0,1514,hanlab,,,,,,,,
1691735813234,1691735813234,10.10.35.66,,60711,10.10.1.110,,111,1,0,1514,hanlab,,,,,,,,
1691735596039,1691735813245,10.10.1.17,,54535,10.10.1.45,,1521,6159,0,580392,hanlab,,,,,,,,
1691735811355,1691735813258,10.10.159.215,,64492,10.10.1.240,,7001,66,29141,32831,hanlab,,,,,,,,
1691735794232,1691735813263,10.10.125.231,,58594,188.172.203.62,SG,443,11,9,684,hanlab,,,,,,,,
1691735813264,1691735813264,10.10.118.208,,5239,10.10.4.28,,445,2,0,122,hanlab,,,,,,,,
1691735782411,1691735813267,10.10.128.132,,13723,34.194.81.123,US,443,33,8607,10491,hanlab,,,,,,,"dt.adsafeprotected.com, dtvc.adsafeprotected.com",
1691735813253,1691735813268,10.16.10.65,,60070,10.10.4.154,,3389,2,36,120,hanlab,,,,,,,,
1691735800016,1691735813275,10.10.118.208,,5210,10.10.118.209,,445,11,1419,2055,hanlab,,,,,,,,
1691735813283,1691735813283,10.10.118.208,,5242,10.10.4.31,,445,2,0,122,hanlab,,,,,,,,
1691735813283,1691735813283,10.12.12.193,,50375,10.10.4.115,,445,1,0,66,hanlab,,,,,,,,
1691735813283,1691735813283,10.10.118.208,,5241,10.10.4.30,,445,2,0,122,hanlab,,,,,,,,
1691735777858,1691735813287,10.10.128.73,,55801,142.250.206.243,US,443,61,16080,19554,hanlab,,,,,,,,
1691735692994,1691735813292,10.15.10.116,,7680,10.10.40.191,,55702,6,0,360,hanlab,,,,,,,,
1691735813304,1691735813309,10.10.162.111,,49387,10.10.1.240,,7002,9,1016,1544,hanlab,,,,,,,,
1691735813318,1691735813318,10.30.70.167,,57730,10.10.1.200,,21,1,0,60,hanlab,,,,,,,,
1691735813320,1691735813320,10.30.70.167,,57753,10.10.1.200,,38062,1,0,66,hanlab,,,,,,,,
1691735813197,1691735813329,10.10.162.111,,49386,10.10.4.30,,8888,8,1752,2214,hanlab,,,,,,,,
1691735778512,1691735813338,10.10.128.73,,55819,121.53.105.159,KR,443,29,8715,10518,hanlab,,,,,,,"ad.daum.net, *.daumdn.com, *.ad.daum.net, *.ds.kakao.com",
1691735813340,1691735813340,10.16.10.100,,59657,10.10.1.165,,3389,1,18,60,hanlab,,,,,,,,
1691735811335,1691735813344,10.10.126.221,,63143,239.255.255.250,,1900,3,525,651,hanlab,,,,,,,,
1691735813310,1691735813349,10.10.162.111,,49388,10.10.1.240,,7001,25,9966,11388,hanlab,,,,,,,,
1691735813356,1691735813356,10.16.10.100,,59651,10.10.4.185,,3389,1,115,157,hanlab,,,,,,,,
1691735777921,1691735813364,10.10.128.73,,55803,142.250.207.98,US,443,61,12948,16478,hanlab,,,,,,,,
1691735813356,1691735813374,10.11.60.199,,55350,10.10.1.236,,5000,2,0,184,hanlab,,,,,,,,
1691735598382,1691735813376,10.10.127.107,,4500,211.218.45.44,KR,4500,1107,186320,232814,hanlab,,,,,,,,
1691735813385,1691735813387,10.10.125.190,,53211,10.10.176.146,,7680,8,75,561,hanlab,,,,,,,,
1691735630276,1691735813395,10.10.236.112,,63054,23.74.140.92,US,443,23,0,8181,hanlab,,,,,,,,
1691735811383,1691735813400,10.10.120.97,,61786,239.255.255.250,,1900,3,525,651,hanlab,,,,,,,,
1691735811415,1691735813416,10.10.126.231,,58443,239.255.255.250,,1900,3,528,654,hanlab,,,,,,,,
1691735812412,1691735813417,10.10.126.108,,54805,239.255.255.250,,1900,2,350,434,hanlab,,,,,,,,
1691735813423,1691735813423,10.10.118.208,,5251,10.10.4.40,,445,2,0,122,hanlab,,,,,,,,
1691735778653,1691735813431,10.10.128.73,,55823,52.79.216.237,KR,443,30,8651,10361,hanlab,,,,,,,"adpies.com, adp.adpies.com, ssp.adpies.com, rsc.adpies.com, mat.adpies.com",
1691735813050,1691735813433,10.10.128.73,,55877,104.22.52.252,US,443,108,90619,96691,hanlab,,,,,,,,
1691735777994,1691735813436,10.10.128.73,,55808,13.107.21.200,US,443,57,14359,18845,hanlab,,,,,,,"*.platform.bing.com, *.bing.com, bing.com, ieonline.microsoft.com, *.windowssearch.com, cn.ieonline.microsoft.com, *.origin.bing.com, *.mm.bing.net, *.api.bing.com, *.cn.bing.net, *.cn.bing.com, ssl-api.bing.com, ssl-api.bing.net, *.api.bing.net, *.bingapis.com, bingsandbox.com, feedback.microsoft.com, insertmedia.bing.office.net, r.bat.bing.com, *.r.bat.bing.com, *.dict.bing.com, *.ssl.bing.com, *.appex.bing.com, *.platform.cn.bing.com, wp.m.bing.com, *.m.bing.com, global.bing.com, windowssearch.com, search.msn.com, *.bingsandbox.com, *.api.tiles.ditu.live.com, *.ditu.live.com, *.t0.tiles.ditu.live.com, *.t1.tiles.ditu.live.com, *.t2.tiles.ditu.live.com, *.t3.tiles.ditu.live.com, *.tiles.ditu.live.com, 3d.live.com, api.search.live.com, beta.search.live.com, cnweb.search.live.com, dev.live.com, ditu.live.com, farecast.live.com, image.live.com, images.live.com, local.live.com.au, localsearch.live.com, ls4d.search.live.com, mail.live.com, mapindia.live.com, local.live.com, maps.live.com, maps.live.com.au, mindia.live.com, news.live.com, origin.cnweb.search.live.com, preview.local.live.com, search.live.com, test.maps.live.com, video.live.com, videos.live.com, virtualearth.live.com, wap.live.com, webmaster.live.com, www.local.live.com.au, www.maps.live.com.au, webmasters.live.com, ecn.dev.virtualearth.net, www.bing.com",
1691735813268,1691735813441,10.10.128.73,,52049,142.250.207.104,US,443,19,5921,6719,hanlab,,,,,,,,
1691735776459,1691735813445,10.10.128.73,,55783,170.33.96.128,SG,443,60,12266,16664,hanlab,,,,,,,"ssor.airasia.com",
1691735813446,1691735813446,10.10.154.211,,63519,192.168.0.2,,8018,1,0,66,hanlab,,,,,,,,
1691735813454,1691735813454,10.10.118.208,,5252,10.10.4.41,,445,2,0,122,hanlab,,,,,,,,
1691735813427,1691735813462,10.10.128.73,,55879,103.243.202.190,KR,443,24,9330,10710,hanlab,,,,,,,,
1691735811469,1691735813471,10.10.132.240,,62168,239.255.255.250,,1900,6,1056,1308,hanlab,,,,,,,,
1691735813426,1691735813476,10.10.159.215,,64494,10.10.1.240,,7003,16,8002,8920,hanlab,,,,,,,,
1691735813495,1691735813495,10.10.128.167,,51665,239.255.255.250,,1900,2,352,436,hanlab,,,,,,,,
1691735811471,1691735813498,10.10.128.84,,63297,239.255.255.250,,1900,3,525,651,hanlab,,,,,,,,
1691735813511,1691735813511,10.10.2.80,,0,10.10.4.4,,0,1,26,60,hanlab,,,,,,,,
1691735646265,1691735813512,10.10.120.55,,18893,10.10.4.180,,53744,9,0,540,hanlab,,,,,,,,
1691735778654,1691735813513,10.10.128.73,,55827,3.33.220.150,US,443,32,8085,11080,hanlab,,,,,,,"*.adsrvr.org, adsrvr.org",
1691735811962,1691735813532,10.10.128.73,,61530,142.250.207.98,US,443,177,141176,148610,hanlab,,,,,,,,
1691735596240,1691735813532,10.10.166.139,,54915,10.10.255.255,,54915,430,113090,131150,hanlab,,,,,,,,
1691735810866,1691735813551,10.10.159.215,,64491,10.10.1.240,,7004,571,563346,595060,hanlab,,,,,,,,
1691735603492,1691735813551,10.10.126.206,,49234,10.10.4.30,,8888,203,0,100884,hanlab,,,,,,,,
1691735813561,1691735813561,10.10.128.18,,53400,10.35.2.175,,7680,1,0,66,hanlab,,,,,,,,
1691735776938,1691735813565,10.10.128.73,,55787,170.33.96.128,SG,443,80,39257,44760,hanlab,,,,,,,"flights.airasia.com",
1691735809629,1691735813577,10.10.1.79,,54419,10.10.126.208,,161,2,84,168,hanlab,,,,,,,,
1691735813578,1691735813578,10.10.1.79,,57077,10.10.122.211,,137,2,261,345,hanlab,,,,,,,,
1691735809630,1691735813578,10.10.126.208,,0,10.10.1.79,,0,2,156,224,hanlab,,,,,,,,
1691735801445,1691735813579,10.10.1.79,,0,10.10.122.211,,0,7,518,756,hanlab,,,,,,,,
1691735813580,1691735813580,10.10.1.79,,64733,224.0.0.252,,5355,1,24,66,hanlab,,,,,,"eswl10",,
1691735813580,1691735813580,10.10.1.79,,51134,224.0.0.252,,5355,1,24,66,hanlab,,,,,,"eswl10",,
1691735813581,1691735813581,10.10.122.211,,5355,10.10.1.79,,64733,1,46,88,hanlab,,,,,,"eswl10",,
1691735813581,1691735813581,10.10.122.211,,5355,10.10.1.79,,51134,1,71,113,hanlab,,,,,,"eswl10",,
1691735606454,1691735813581,10.10.128.105,,65437,10.10.4.30,,8888,321,0,336110,hanlab,,,,,,,,
1691735596434,1691735813591,10.10.127.11,,57607,10.10.255.255,,51007,63,9072,11718,hanlab,,,,,,,,
1691735813593,1691735813593,10.10.1.79,,57045,224.0.0.252,,5355,1,24,66,hanlab,,,,,,"eswl10",,
1691735813593,1691735813593,10.10.1.79,,54970,224.0.0.252,,5355,1,24,66,hanlab,,,,,,"eswl10",,
1691735813591,1691735813593,10.10.1.79,,57049,10.10.122.211,,135,7,0,432,hanlab,,,,,,,,
1691735813594,1691735813594,10.10.122.211,,5355,10.10.1.79,,54970,1,71,113,hanlab,,,,,,"eswl10",,
1691735813594,1691735813594,10.10.122.211,,5355,10.10.1.79,,57045,1,46,88,hanlab,,,,,,"eswl10",,
1691735813596,1691735813596,10.10.1.79,,65206,224.0.0.252,,5355,1,27,69,hanlab,,,,,,"drm-km-3m-5m-km-^om-^d1",,
1691735813596,1691735813596,10.10.1.79,,59340,224.0.0.252,,5355,1,27,69,hanlab,,,,,,"drm-km-3m-5m-km-^om-^d1",,
1691735812597,1691735813598,10.10.126.22,,49343,239.255.255.250,,1900,2,352,436,hanlab,,,,,,,,
1691735778592,1691735813601,10.10.128.73,,55820,106.10.236.146,SG,443,31,10774,12538,hanlab,,,,,,,"real.sp.analytics.yahoo.com, *.analytics.yahoo.com",
1691735778706,1691735813609,10.10.128.73,,55828,23.36.117.20,US,443,23,10315,11635,hanlab,,,,,,,"pixel.mathtag.com",
1691735603565,1691735813610,10.10.129.102,,58366,52.78.81.236,KR,443,66,0,6776,hanlab,,,,,,,,
1691735597585,1691735813612,10.10.127.34,,50759,54.230.61.124,US,443,7277,0,6266169,hanlab,,,,,,,,
1691735596599,1691735813614,10.10.1.99,,137,10.10.255.255,,137,156,7800,14352,hanlab,,,,,,,,
1691735595595,1691735813623,10.10.126.44,,137,10.10.255.255,,137,176,8800,16192,hanlab,,,,,,,,
1691735813625,1691735813625,10.10.1.79,,52665,224.0.0.252,,5355,1,44,86,hanlab,,,,,,"204.126.10.10.in-addr.arpa",,
1691735813630,1691735813635,10.10.122.239,,54167,10.10.1.77,,13000,13,2477,3239,hanlab,,,,,,,,
1691735813582,1691735813639,10.10.1.79,,57048,10.10.122.211,,445,16,1874,2774,hanlab,,,,,,,,
1691735749486,1691735813639,10.10.1.35,,1521,10.10.1.222,,65347,2,0,209,hanlab,,,,,,,,
1691735813640,1691735813640,10.10.1.35,,1521,10.10.1.221,,55910,1,0,152,hanlab,,,,,,,,
1691735600949,1691735813654,10.10.142.150,,5353,224.0.0.251,,5353,127,18781,24115,hanlab,,,,,,,,
1691735778654,1691735813659,10.10.128.73,,55826,13.107.246.74,US,443,61,33968,37412,hanlab,,,,,,,"www.clarity.ms",
1691735813661,1691735813663,10.10.192.241,,2766,10.15.11.94,,7680,8,75,561,hanlab,,,,,,,,
1691735812690,1691735813691,10.10.128.74,,56694,239.255.255.250,,1900,4,704,872,hanlab,,,,,,,,
1691735600970,1691735813696,10.10.120.91,,5353,224.0.0.251,,5353,136,19278,24990,hanlab,,,,,,,,
1691735633695,1691735813703,10.10.160.250,,62420,10.10.4.40,,8888,59,0,16488,hanlab,,,,,,,,
1691735766071,1691735813705,10.10.128.73,,55755,172.217.161.238,US,443,73,40464,44616,hanlab,,,,,,,,
1691735600970,1691735813705,10.10.128.169,,5353,224.0.0.251,,5353,138,19376,25172,hanlab,,,,,,,,
1691735813030,1691735813706,10.10.128.73,,63180,34.120.179.252,US,443,22,11550,12474,hanlab,,,,,,,,
1691735595417,1691735813706,10.10.160.250,,55706,10.80.100.61,,5222,1316,0,189738,hanlab,,,,,,,,
1691735595417,1691735813706,10.10.128.135,,50503,10.80.100.61,,5222,1314,0,189353,hanlab,,,,,,,,
1691735595420,1691735813708,10.10.128.56,,55940,10.80.100.61,,5222,1312,0,189251,hanlab,,,,,,,,
1691735595351,1691735813709,10.10.128.186,,54461,10.80.100.61,,5222,1674,0,211040,hanlab,,,,,,,,
1691735595354,1691735813712,10.10.128.189,,50182,10.80.100.61,,5222,1664,0,210698,hanlab,,,,,,,,
1691735813713,1691735813713,10.10.128.69,,50741,10.10.188.121,,161,2,106,190,hanlab,,,,,,,,
1691735813715,1691735813715,10.16.10.100,,59650,10.10.4.180,,3389,1,18,60,hanlab,,,,,,,,
1691735595367,1691735813720,10.10.159.215,,62997,10.80.100.61,,5222,1664,0,209223,hanlab,,,,,,,,
1691735595360,1691735813720,10.10.128.49,,50017,10.80.100.61,,5222,1663,0,208771,hanlab,,,,,,,,
1691735595363,1691735813722,10.10.127.30,,49677,10.80.100.61,,5222,1666,0,210865,hanlab,,,,,,,,
1691735595365,1691735813723,10.10.128.126,,57315,10.80.100.61,,5222,1662,0,208670,hanlab,,,,,,,,
1691735595347,1691735813726,10.10.177.169,,64127,10.80.100.61,,5222,1988,0,268380,hanlab,,,,,,,,
1691735595376,1691735813731,10.10.127.34,,61784,10.80.100.61,,5222,1660,0,207704,hanlab,,,,,,,,
1691735595371,1691735813731,10.10.160.142,,52440,10.80.100.61,,5222,1665,0,208844,hanlab,,,,,,,,
1691735595376,1691735813733,10.10.141.155,,61233,10.80.100.61,,5222,1667,0,211890,hanlab,,,,,,,,
1691735767421,1691735813740,10.10.128.132,,13712,182.161.74.7,SG,443,165,36960,46224,hanlab,,,,,,,,
1691735595388,1691735813744,10.10.122.211,,2414,10.80.100.61,,5222,1480,0,312850,hanlab,,,,,,,,
1691735595338,1691735813747,10.10.128.121,,65247,10.80.100.61,,5222,1655,0,208408,hanlab,,,,,,,,
1691735595349,1691735813751,10.10.128.132,,5001,10.80.100.61,,5222,1658,0,209798,hanlab,,,,,,,,
1691735595372,1691735813753,10.10.128.125,,62096,10.80.100.61,,5222,1652,0,208526,hanlab,,,,,,,,
1691735811758,1691735813759,10.10.126.248,,61900,239.255.255.250,,1900,3,525,651,hanlab,,,,,,,,
1691735778356,1691735813774,10.10.128.73,,55815,103.105.156.218,KR,443,49,11802,14603,hanlab,,,,,,,"*.widerplanet.com, widerplanet.com",
1691735811788,1691735813777,10.10.128.73,,55870,211.115.106.209,KR,80,12,1460,2904,hanlab,"gms.ahnlab.com/jk?c=62&p=PFp2zUhcRLOw_o8e0cz6EgRu1yV54jRwxO+z49XnxT0=&k=1",,,,,,,
1691735812774,1691735813779,10.10.171.122,,52711,239.255.255.250,,1900,2,350,434,hanlab,,,,,,,,
1691735811781,1691735813796,10.10.128.208,,59369,239.255.255.250,,1900,6,1050,1302,hanlab,,,,,,,,
1691735595682,1691735813796,10.10.128.17,,137,10.10.255.255,,137,1742,87100,160264,hanlab,,,,,,,,
1691735777767,1691735813797,10.10.128.73,,55798,18.67.51.14,US,443,34,13109,15074,hanlab,,,,,,,,
1691735797991,1691735813799,10.10.120.55,,50313,239.255.255.250,,3702,13,8528,9074,hanlab,,,,,,,,
1691735777766,1691735813803,10.10.128.73,,55796,18.67.51.14,US,443,40,15492,17793,hanlab,,,,,,,,
1691735778355,1691735813809,10.10.128.73,,55814,103.105.156.218,KR,443,70,21017,25466,hanlab,,,,,,,"*.widerplanet.com, widerplanet.com",
1691735777755,1691735813809,10.10.128.73,,55285,142.250.76.142,US,443,296,78134,90566,hanlab,,,,,,,,
1691735597494,1691735813810,10.10.118.208,,11131,10.10.4.30,,8888,878,0,282432,hanlab,,,,,,,,
1691735812821,1691735813821,10.10.121.187,,61546,239.255.255.250,,1900,2,352,436,hanlab,,,,,,,,
1691735603647,1691735813821,10.10.160.250,,53677,10.10.4.30,,8888,342,0,210136,hanlab,,,,,,,,
1691735800187,1691735813828,10.10.128.132,,13737,50.31.142.31,US,443,24,10276,11638,hanlab,,,,,,,"*.zemanta.com, zemanta.com",
1691735785887,1691735813842,10.10.82.58,,64934,142.250.206.228,US,443,310,90382,103402,hanlab,,,,,,,,
1691735813844,1691735813844,10.10.1.79,,53853,224.0.0.252,,5355,1,30,72,hanlab,,,,,,"drm-lm-4m-^hm-lm-^]m-^lm-mm-^lm-^l2",,
1691735813844,1691735813844,10.10.1.79,,55519,224.0.0.252,,5355,1,30,72,hanlab,,,,,,"drm-lm-4m-^hm-lm-^]m-^lm-mm-^lm-^l2",,
1691735776532,1691735813844,10.10.128.73,,55784,142.250.206.243,US,443,61,9092,12554,hanlab,,,,,,,,
1691735600877,1691735813844,10.10.1.79,,137,10.10.255.255,,137,129,6450,11868,hanlab,,,,,,,,
1691735776042,1691735813846,10.10.128.73,,55778,142.250.206.243,US,443,344,73455,92883,hanlab,,,,,,,,
1691735777987,1691735813847,10.10.128.73,,55807,23.206.229.214,US,443,219,153201,165513,hanlab,,,,,,,,
1691735609944,1691735813855,10.10.128.126,,56114,142.250.206.206,US,443,96,34262,38294,hanlab,,,,,,,,
1691735800148,1691735813856,10.10.128.132,,13736,50.31.142.31,US,443,24,10292,11654,hanlab,,,,,,,"*.zemanta.com, zemanta.com",
1691735600465,1691735813866,10.10.128.132,,13446,52.79.161.71,KR,443,503,0,352422,hanlab,,,,,,,,
1691735813868,1691735813869,10.10.128.132,,52011,168.126.63.1,KR,53,2,98,182,hanlab,,,,,,"www.fmkorea.com",,
1691735813868,1691735813869,10.10.128.132,,52981,168.126.63.1,KR,53,2,153,237,hanlab,,,,,,"www.fmkorea.com",,
1691735813868,1691735813870,10.10.128.132,,49877,168.126.63.1,KR,53,2,142,226,hanlab,,,,,,"ckdwuj920mspqs.skcdn.net, static.fmkorea.com",,
1691735642528,1691735813870,10.10.52.118,,3389,10.10.1.17,,63729,72,0,8882,hanlab,,,,,,,,
1691735613843,1691735813870,10.10.128.139,,2144,10.10.4.40,,8888,68,0,19088,hanlab,,,,,,,,
1691735776540,1691735813871,10.10.128.73,,55785,163.181.22.212,US,443,54,13881,18740,hanlab,,,,,,,,
1691735772287,1691735813871,10.10.128.73,,55766,163.181.22.217,US,443,554,466016,497698,hanlab,,,,,,,,
1691735813868,1691735813872,10.10.128.132,,51208,168.126.63.1,KR,53,2,110,194,hanlab,,,,,,"ckdwuj920mspqs.skcdn.net, static.fmkorea.com",,
1691735813872,1691735813873,10.10.128.132,,56260,168.126.63.1,KR,53,2,144,228,hanlab,,,,,,"www.google-analytics.com",,
1691735813871,1691735813874,10.10.128.132,,58059,168.126.63.1,KR,53,2,100,184,hanlab,,,,,,"www.google-analytics.com",,
1691735595383,1691735813880,10.10.160.247,,64375,10.80.100.61,,5222,1306,0,189121,hanlab,,,,,,,,
1691735813883,1691735813883,10.10.1.79,,53099,224.0.0.252,,5355,1,44,86,hanlab,,,,,,"124.126.10.10.in-addr.arpa",,
1691735600868,1691735813885,10.10.1.79,,5353,224.0.0.251,,5353,346,13853,28385,hanlab,,,,,,"m-lm-"m-^em-jm-2m-^@m-lm-^xm-^am-lm-^cm-^am-lm-^]m-^xm-mm-^um-^ym-lm-!m-4.local, m-mm-^um-^\m-km-0m-)m-lm-9m-^xm-km-#m-^lm-lm-^km-$.local, m-lm-"m-^em-jm-2m-^@m-lm-2m-4m-mm-^xm-^hm-lm-^km-$_02.local, m-lm-^]m-^xm-mm-^um-^ym-lm-^cm-^am-km-^km-4_01.local, m-lm-"m-^em-jm-2m-^@m-lm-6m-^\m-km- m-%m-km-0m-).local, m-lm-"m-^em-jm-2m-^@m-km-^bm-4m-lm-^km-^\m-jm-2m-=st5.local, m-lm-^]m-<m-km-0m-^xm-lm-4m-,m-lm-^xm-^a5.local, m-lm-'m-^dm-km-#m-^lm-mm-^xm-^qm-km- m-%m-lm-^dm-<m-mm-^dm-001.local, m-lm-"m-^em-jm-2m-^@m-mm-^tm-^dm-km-^]m-<m-lm-^^m-^d2st1.local, m-lm-^]m-^qm-jm-8m-^im-lm-4m-,m-lm-^xm-^am-lm-^km-$.local, m-lm-^xm-^am-lm-^cm-^am-lm-^]m-^xm-mm-^um-^ym-jm-3m-<12.local, m-lm-^um-^tb1fm-jm-0m-^dm-mm-^xm-8m-jm-5m-^pm-lm-^\m-!.local, m-lm-"m-^em-jm-2m-^@m-km-^bm-4m-lm-^km-^\m-jm-2m-^@m-lm-^bm-,5-1.local, m-lm-^zm-4m-km-^om-^ym-lm-9m-^xm-km-#m-^lm-lm-^km-$2.local, m-lm-"m-^em-jm-2m-^@m-jm-3m-(m-km-0m-^@m-km-^om-^d.local, m-lm-"m-^em-jm-2m-^@m-km-6m-^@m-lm-^]m-8m-jm-3m-<.local, m-lm-4m-^hm-lm-^]m-^lm-mm-^lm-^l2.local, m-lm-^xm-^am-lm-^vm-^qm-lm-^bm-,m-km-,m-4m-lm-^km-$1.local, m-lm-^ym-8m-km-^^m-^xm-lm-^hm-^xm-jm-0m-^dm-mm-^xm-8m-lm-^bm-,.local, m-lm-^um-=m-lm- m-^\m-km-6m-^@m-lm-^bm-,m-km-,m-4m-lm-^km-$4.local, m-lm-'m-^dm-km-^km-(hlam-jm-2m-^@m-lm-^bm-,m-lm-^km-$.local, m-lm-^]m-<m-jm-2m-^@m-lm-=m-^\4.local, m-lm-^um-^hm-km-^om-^ym-lm-^]m-<.local, m-lm-4m-^hm-lm-^]m-^lm-mm-^lm-^lm-lm-^km-$2.local, m-lm-"m-^em-jm-2m-^@m-mm-^zm-^lm-km-3m-5m-lm-^km-$_m-mm-^zm-^lm-km-3m-5.local, m-lm-4m-^]m-km-,m-4_01.local, m-lm-"m-^em-jm-2m-^@m-km-^bm-4m-lm-^km-^\m-jm-2m-^@m-lm-^bm-,6-2.local, m-lm-5m-^\m-jm-8m-0m-lm-^bm-,.local, m-lm-^xm-^am-lm-^vm-^qm-mm-^lm-^@15.local, m-lm-^um-<m-jm-0m-^dm-lm-1m-^dm-mm-^xm-^hm-lm-^km-$2.local, m-lm-'m-^dm-km-#m-^lm-mm-^xm-^qm-km- m-%st.local, m-lm-"m-^em-mm-^um-)m-jm-2m-^@m-lm-'m-^dm-lm-^dm-<m-mm-^dm-01.local, m-lm-'m-^dm-km-^km-(m-jm-2m-^@m-lm-^bm-,m-jm-5m-^pm-lm-^hm-^xm-lm-^wm-0.local, m-lm-^[m-^pm-km-*m-)1.local, m-lm-^um-=m-lm- m-^\m-km-6m-^@m-lm-^bm-,m-km-,m-4m-lm-^km-$10.local, m-mm-^um-5m-lm-^]m-^xm-mm-^um-^y_m-lm-!m-0m-lm- m-^um-lm-^km-$2.local, m-lm-'m-^dm-km-^km-(m-km-3m-^qm-km-&m-,8.local, m-lm-"m-^em-jm-1m-4_m-lm-^km-,m-km-0m-^um-km-3m-^@m-lm-^]m-4m-km-^om-^d.local, m-mm-^um-^\m-km-0m-)m-jm-3m-<m-lm-^um-=m-lm- m-^\m-lm-^km-$01.local, m-lm-"m-^em-mm-^um-)m-jm-2m-^@m-lm-'m-^dm-lm-^dm-<m-mm-^dm-0m-jm-8m-0.local, m-lm- m-^dm-lm-^bm-0m-lm-^hm-^xm-km-&m-,.local, m-lm-^]m-4m-mm-^xm-^am-lm-$m-^@.local, m-lm-"m-^em-jm-2m-^@m-km-6m-^@m-lm-^^m-%m-km-^km-^x.local, m-lm-"m-^em-jm-2m-^@m-km-^bm-4m-lm-^km-^\m-jm-2m-^@m-lm-^bm-,6-1.local, m-lm-^]m-^xm-km-#m-^lm-lm- m-^um-km-3m-46.local, drct_ns.local, m-lm-'m-^dm-km-#m-^lm-lm-^km-$2m-km-2m-^h.local, m-lm-^dm-8m-mm-^om-,m-km-3m-^qm-km-&m-,4.local, m-lm-'m-^dm-km-^km-(m-jm-2m-^@m-lm-^bm-,m-mm-^lm-^@m-lm-^^m-%m-km-^km-^x.local, m-lm-^]m-^xm-km-#m-^lm-lm- m-^um-km-3m-413.local, m-lm-"m-^em-jm-2m-^@m-lm-2m--m-km- m-%1.local, drm-lm-4m-^hm-lm-^]m-^lm-mm-^lm-^l2.local, m-lm-^xm-^am-lm-^vm-^qm-lm-^bm-,m-km-,m-4m-lm-^km-$4.local, m-lm-^]m-^xm-mm-^um-^ym-lm-^cm-^am-km-^km-41.local, m-lm-"m-^em-jm-1m-4m-km-^bm-4m-lm-^km-^\m-jm-2m-=1m-km-2m-^h_2.local, m-lm-^xm-^am-lm-^cm-^amrim-mm-^lm-^pm-km-^om-^e.local, m-jm-0m-^dm-mm-^xm-8m-lm-^bm-,m-km-,m-4m-lm-^km-$.local, m-jm-7m-<m-lm- m-^qm-lm-9m-^xm-km-#m-^l1_1.local, m-lm-^km-,m-lm-^^m-%m-lm-4m-^hm-lm-^]m-^lm-mm-^lm-^lm-lm-^km-$3.local, m-lm-^]m-^xm-km-#m-^lm-lm- m-^um-km-3m-4m-lm-^km- m-jm-7m-^\.local, m-lm-^]m-^xm-mm-^um-^ym-lm-^cm-^am-km-^km-4_03.local, eswl10.local, m-lm-"m-^em-jm-1m-4m-km-^bm-4m-lm-^km-^\m-jm-2m-=1m-km-2m-^h_1.local, m-lm-!m-0m-lm-'m-^am-km-3m-^qm-km-&m-,hjh.local, m-lm-^zm-4m-km-^om-^ym-km-6m-^@m-mm-^um-^xm-lm-9m-^xm-km-#m-^lm-lm-^km-$.local, m-lm-^xm-(m-lm-^wm-4m-lm-9m-^xm-km-#m-^lm-lm-^km-$1.local, m-lm-^xm-^am-lm-^vm-^qm-mm-^lm-^@m-lm-^km-^]m-lm-^]m-4m-km-3m-^@m-jm-2m-=.local, m-lm-'m-^dm-km-^km-(m-lm-^cm-^]m-mm-^ym-^tm-mm-^um-^y10.local, m-mm-^xm-^hm-lm-^um-!m-lm-^]m-^@m-mm-^vm-^i_m-lm- m-^qm-lm-^hm-^x.local, m-lm-^]m-4m-km-*m-^em-lm-#m-<.local, m-mm-^um-5m-lm-^]m-^xm-mm-^um-^y_m-lm- m-^qm-lm-^hm-^x2.local, m-lm-^xm-^am-lm-^vm-^qm-mm-^lm-^@_11.local, m-lm-^]m-^xm-km-#m-^lm-lm- m-^um-km-3m-45.local, m-lm-^]m-^xm-km-#m-^lm-lm- m-^um-km-3m-410.local, m-lm-!m-0m-lm-'m-^am-km-3m-^qm-km-&m-,m-lm- m-^dm-lm-^bm-,m-lm-^km-$.local, m-lm-^xm-^hm-km-9m-^dm-jm-5m-02.local, m-lm-'m-^dm-km-^km-(m-km-3m-^qm-km-&m-,m-lm-^]m-8m-lm-2m-4m-lm-^\m- .local, m-mm-^um-5m-lm-^]m-^xm-mm-^um-^ym-jm-3m-<m-mm-^lm-^@m-lm-^^m-%m-km-^km-^x.local, cha.local, m-lm-'m-^dm-km-^km-(m-km-3m-^qm-km-&m-,m-lm-^]m-^xm-jm-5m--.local, chapc.local, m-lm-"m-^em-jm-1m-4m-lm-1m-^dm-mm-^xm-^hm-lm-^km-$_3.local, m-km-!m-^\m-km-4m-^gm-lm-=m-^tm-km-^tm-^tm-lm-^cm-^am-km-^km-4_02.local, m-lm-^ym-8m-jm-5m---m-km-6m-^dm-lm-^^m-^p.local, m-lm-^xm-^am-lm-^vm-^qm-mm-^lm-^@3.local, m-lm-^um-=m-lm- m-^\m-km-6m-^@m-lm-^^m-%m-lm-^km-$.local, m-lm-"m-^em-mm-^um-)m-jm-1m-4m-lm-'m-^dm-lm- m-^qm-lm-^hm-^x.local, m-lm-4m-^]m-km-,m-4m-mm-^lm-^@-m-lm-^]m-4m-lm-^wm-0m-mm-^ym-^t.local, m-lm-"m-^em-jm-2m-^@m-km-^bm-4m-lm-^km-^\m-jm-2m-^@m-lm-^bm-,5-2.local, m-lm-^um-=m-lm- m-^\m-km-6m-^@m-lm-^bm-,m-km-,m-4m-lm-^km-$5.local, m-lm-^ym-8m-km-^^m-^xm-lm-^cm-^am-km-^km-4m-lm-^km-$2.local, m-lm-^xm-^am-lm-^cm-^act.local, m-lm-^]m-^xm-km-#m-^lm-lm- m-^um-km-3m-415.local, m-mm-^xm-^hm-lm-^um-!m-lm-^]m-^@m-mm-^vm-^i-m-lm-1m-^em-lm-^^m-^d.local, m-mm-^xm-^hm-lm-^um-!m-mm-^um-^y-diff.local, m-lm-^]m-^xm-jm-3m-5m-mm-^um-^y5.local, m-lm-^um-=m-lm- m-^\m-km-6m-^@m-lm-#m-<m-lm-^bm-,m-lm-!m-0m-lm- m-^\.local, m-mm-^xm-^hm-jm-4m-^@m-lm-!m-0m-lm-^xm-^am-km-3m-5m-km-^om-^d.local, m-lm-^]m-<m-jm-1m-4m-lm-1m-^dm-mm-^xm-^hm-lm-^km-$.local, drm-km-3m-5m-km-^om-^d1.local, m-lm-^xm-^am-lm-^cm-^am-lm-^jm-$m-mm-^em-^l1.local, m-lm-^xm-^am-lm-^vm-^qm-lm-^bm-,m-km-,m-4m-lm-^km-$5.local, m-lm-^]m-^xm-mm-^um-^ym-lm-^cm-^am-km-^km-4_02.local, _googlecast._tcp.local, m-lm-^km-,m-lm-^^m-%m-lm-^dm-<m-mm-^dm-0st.local, m-lm-^]m-^xm-km-#m-^lm-lm- m-^um-km-3m-44.local, m-mm-^um-5m-lm-^]m-^xm-mm-^um-^ym-jm-3m-<m-lm- m-^qm-lm-^hm-^x1.local",,
1691735595514,1691735813885,10.10.141.155,,63486,142.250.206.238,US,443,484,68811,89139,hanlab,,,,,,,,
1691735595389,1691735813885,10.10.128.56,,58582,110.10.19.51,KR,14811,2186,0,597377,hanlab,,,,,,,,
1691735813845,1691735813886,10.10.126.124,,5353,224.0.0.251,,5353,2,114,198,hanlab,,,,,,,,
1691735723681,1691735813890,10.10.128.167,,58389,211.249.220.24,KR,443,132,129768,137130,hanlab,,,,,,,"*.daum.net, daum.net",
1691735633570,1691735813894,10.86.10.11,,65187,10.10.1.17,,3389,3969,0,2059768,hanlab,,,,,,,,
1691735595399,1691735813894,10.10.128.139,,5949,10.80.100.61,,5222,1322,0,189971,hanlab,,,,,,,,
1691735813020,1691735813897,10.10.128.73,,55876,157.240.215.14,US,443,27,3789,5391,hanlab,,,,,,,,
1691735811772,1691735813897,10.10.128.73,,55868,35.190.54.191,US,443,204,68479,80537,hanlab,,,,,,,,
1691735809392,1691735813898,10.10.162.140,,62626,10.10.1.240,,7005,3273,2957920,3145432,hanlab,,,,,,,,
